Redirect 301 /cmp /
Redirect 301 /conferences/defence-conference/defence-security/ /conferences/
Redirect 301 /conferences/defence-conference/uav-000-conference /conferences/
Redirect 301 /conferences/education-conference/education /conferences/education/all/
Redirect 301 /conferences/education-conference/education/RSS /conferences/education/all/
Redirect 301 /conferences/education-conference/higher-education-reform-summit /conferences/
Redirect 301 /conferences/education-conference/higher-education-summit/conference_registrations /event/evidence-based-teaching-summit/
Redirect 301 /conferences/education-conference/k-12-national-curriculum-conference/agenda /conferences/
Redirect 301 /conferences/education-conference/purpose-built-student-accommodation-conference /conferences/
Redirect 301 /conferences/education-conference/purpose-built-student-accommodation-forum/conference_registrations /conferences/
Redirect 301 /conferences/energy-utilities/energy-utilities /conferences/energy-and-utilities/all/
Redirect 301 /conferences/energy-utilities/energy-utilities/RSS /conferences/energy-and-utilities/all/
Redirect 301 /conferences/energy-utilities/engineering/australian-gas-turbines-conference/brochure-request /conferences/
Redirect 301 /conferences/energy-utilities/engineering/australian-gas-turbines-conference/conference_registrations /conferences/
Redirect 301 /conferences/energy-utilities/power-electricity/remote-area-power-supply-conference/conference_registrations /conferences/
Redirect 301 /conferences/energy-utilities/power-electricity/remote-area-power-supply-conference/past-presentations-2016 /conferences/
Redirect 301 /conferences/energy-utilities/power-electricity/wa-power-gas-conference/conference_registrations /event/wa-power-gas-conference/
Redirect 301 /conferences/engineering-conference/engineering-maintenance /conferences/
Redirect 301 /conferences/engineering-conference/engineering-maintenance/RSS /conferences/
Redirect 301 /conferences/environmental-issues-conference/environmental /conferences/
Redirect 301 /conferences/environmental-issues-conference/environmental/RSS /conferences/
Redirect 301 /conferences/facilities-management-conference/facilities-design-management /conferences/
Redirect 301 /conferences/facilities-management-conference/facilities-design-management/RSS /conferences/
Redirect 301 /conferences/financial-services-conference/afr-national-infrastructure-summit /event/afr-national-infrastructure-summit/
Redirect 301 /conferences/financial-services-conference/financial-services /conferences/business-and-finance/all/
Redirect 301 /conferences/financial-services-conference/financial-services/RSS /conferences/business-and-finance/all/
Redirect 301 /conferences/financial-services-conference/responsible-lending-and-borrowing-summit /event/responsible-lending-borrowing-summit/
Redirect 301 /conferences/food-conference /conferences/
Redirect 301 /conferences/food-conference/food-beverage/RSS /conferences/
Redirect 301 /conferences/food-conference/food-regulations-and-labelling-standards-conference /conferences/
Redirect 301 /conferences/government-policy-conference/biennial-national-homelessness-summit/conference_registrations /event/biennial-homelessness-summit/
Redirect 301 /conferences/government-policy-conference/government-social-policy /conferences/policy-and-government/all/
Redirect 301 /conferences/government-policy-conference/government-social-policy/RSS /conferences/policy-and-government/all/
Redirect 301 /conferences/government-policy-conference/national-pathology-forum/conference_registrations /event/national-pathology-conference/
Redirect 301 /conferences/government-policy-conference/social-housing-reform-summit/conference_registrations /event/social-housing-reform-summit/
Redirect 301 /conferences/health-care-conference/annual-national-acquired-brain-injury-conference/conference_registrations /event/national-acquired-brain-injury-conference/
Redirect 301 /conferences/health-care-conference/assisted-reproductive-technology-summit/conference_registrations /event/assisted-reproductive-technology-summit/
Redirect 301 /conferences/health-care-conference/biennial-national-homelessness-summit /event/biennial-homelessness-summit/
Redirect 301 /conferences/health-care-conference/electronic-medication-management/conference_registrations /event/emedication-management-conference/
Redirect 301 /conferences/health-care-conference/emergency-department-management/agenda /event/emergency-department-management-conference/
Redirect 301 /conferences/health-care-conference/healthcare /conferences/healthcare-and-nursing/all/
Redirect 301 /conferences/health-care-conference/healthcare/RSS /conferences/healthcare-and-nursing/all/
Redirect 301 /conferences/health-care-conference/healthcare-complaints-management-conference/brochure_m /conferences/
Redirect 301 /conferences/health-care-conference/health-insurance-summit/conference_registrations /event/health-insurance-summit/
Redirect 301 /conferences/health-care-conference/integrating-mental-health-into-the-national-disability-insurance-scheme/conference_registrations /conferences/
Redirect 301 /conferences/health-care-conference/medico-legal-congress/conference_registrations /event/medico-legal-congress/
Redirect 301 /conferences/health-care-conference/national-acquired-brain-injury-conference /event/national-acquired-brain-injury-conference/
Redirect 301 /conferences/health-care-conference/national-cosmetic-medicine-summit/conference_registrations /conferences/
Redirect 301 /conferences/health-care-conference/national-dementia-conference/conference_registrations /event/national-dementia-conference/
Redirect 301 /conferences/health-care-conference/pharmacuetical-benefit-scheme /conferences/
Redirect 301 /conferences/health-care-conference/transfer-of-care-conference/conference_registrations /conferences/
Redirect 301 /conferences/hr-conference/hr-skilling-workplace /conferences/human-resources/all/
Redirect 301 /conferences/hr-conference/hr-skilling-workplace/RSS /conferences/human-resources/all/
Redirect 301 /conferences/ict-conference/australian-ott-summit/conference_registrations /event/australian-ott-summit/
Redirect 301 /conferences/ict-conference/ict /conferences/technology-and-ict/all/
Redirect 301 /conferences/ict-conference/ict/RSS /conferences/technology-and-ict/all/
Redirect 301 /conferences/ict-conference/isaca-cacs-conference/conference_registrations /event/isaca-oceania-cacs-conference/
Redirect 301 /conferences/indigenous-affairs-conferences/indigenous-affairs /conferences/
Redirect 301 /conferences/indigenous-affairs-conferences/indigenous-affairs/RSS /conferences/
Redirect 301 /conferences/infrastructure-ppp-project-finance/infrastructure-ppp /conferences/infrastructure/all/
Redirect 301 /conferences/infrastructure-ppp-project-finance/infrastructure-ppp/RSS /conferences/infrastructure/all/
Redirect 301 /conferences/infrastructure-ppp-project-finance/national-ppp-summit/conference_registrations /event/ppp-summit/
Redirect 301 /conferences/infrastructure-ppp-project-finance/social-housing-reform-summit /event/social-housing-reform-summit/
Redirect 301 /conferences/legal-affairs-conference/food-regulations-and-labelling-standards-conference /conferences/
Redirect 301 /conferences/legal-affairs-conference/legal /conferences/
Redirect 301 /conferences/legal-affairs-conference/legal/RSS /conferences/
Redirect 301 /conferences/legal-affairs-conference/responsible-lending-and-borrowing-summit/conference_registrations /event/responsible-lending-borrowing-summit/
Redirect 301 /conferences/manufacturing-conference/manufacturing-conference /conferences/
Redirect 301 /conferences/manufacturing-conference/manufacturing-conference/RSS /conferences/
Redirect 301 /conferences/marketing-conference /conferences/
Redirect 301 /conferences/marketing-conference/media-marketing-advertising/RSS /conferences/
Redirect 301 /conferences/mining-conference/metals-conference/global-iron-ore-steel-forecast-conference/conference_registrations /event/global-iron-ore-steel-forecast-conference/
Redirect 301 /conferences/mining-conference/metals-conference/mining-the-pilbara-conference/venue-accommodation-travel /conferences/
Redirect 301 /conferences/mining-conference/mining-resources /conferences/mining-oil-and-gas/all/
Redirect 301 /conferences/mining-conference/mining-resources/RSS /conferences/mining-oil-and-gas/all/
Redirect 301 /conferences/mining-conference/oil-gas-conference/nt-resources-week/brochure-request /conferences/
Redirect 301 /conferences/mining-conference/oil-gas-conference/nt-resources-week/registration /conferences/
Redirect 301 /conferences/mining-conference/operational-mining-conference/ajm-mineral-sands-conference/conference_registrations /conferences/
Redirect 301 /conferences/sports-conference/sports-gaming /conferences/
Redirect 301 /conferences/sports-conference/sports-gaming/RSS /conferences/
Redirect 301 /conferences/tax-conferences/taxation /conferences/
Redirect 301 /conferences/tax-conferences/taxation/RSS /conferences/
Redirect 301 /conferences/transport/rail/rail-safety/images/image-preview.png /conferences/transport-and-logistics/all/
Redirect 301 /conferences/transport-conference/aviation-conference/aviation-security-summit/past-presentations /conferences/
Redirect 301 /conferences/transport-conference/aviation-conference/aviation-security-summit/sponsorship/past-presentations /conferences/
Redirect 301 /conferences/transport-conference/infrastructure-conference/light-rail/conference_registrations /event/light-rail/
Redirect 301 /conferences/transport-conference/logistics-conference/online-retail-logistics/brochure-request /event/online-retail-logistics-conference/
Redirect 301 /conferences/transport-conference/rail-conference/ausrail/conference_registrations /event/ausrail-gala-dinner/
Redirect 301 /conferences/transport-conference/rail-conference/heavy-haul-rail-conference-and-exhibition/brochure-request /event/heavy-haul-rail-conference/
Redirect 301 /conferences/transport-conference/rail-conference/rail-safety/conference_registrations /event/rissb-rail-safety-conference/
Redirect 301 /conferences/transport-conference/road-conference/road-pricing-forum/brochure-request /conferences/
Redirect 301 /conferences/transport-conference/safety-conference/chain-of-responsibility-heavy-vehicle-safety-conference/conference_registrations /conferences/
Redirect 301 /conferences/transport-conference/safety-conference/national-transport-security-summit/conference_registrations /conferences/
Redirect 301 /conferences/transport-conference/shipping-conference/ausintermodal/brochure-request /event/ausintermodal/
Redirect 301 /conferences/transport-conference/transport /conferences/transport-and-logistics/all/
Redirect 301 /conferences/transport-conference/transport/RSS /conferences/transport-and-logistics/all/
Redirect 301 /front-page /
Redirect 301 /ITIL /
Redirect 301 /maritimelogistics /
Redirect 301 /mastermariners/agenda /
Redirect 301 /railnetworkaustralasia /
Redirect 301 /training/maintenance-courses/asset-condition-health-integrity-management /event/technical-professional-manager-leader/
Redirect 301 /training/maintenance-courses/asset-condition-health-integrity-management/registration /event/technical-professional-manager-leader/
Redirect 301 /training/maintenance-courses/asset-lifecycle-lifecycle-cost-management /event/technical-professional-manager-leader/
Redirect 301 /training/maintenance-courses/asset-lifecycle-lifecycle-cost-management/registration /event/technical-professional-manager-leader/
Redirect 301 /training/maintenance-courses/maintenance-planning-mastery /event/technical-professional-manager-leader/
Redirect 301 /training/maintenance-courses/shutdown-planning-management /event/technical-professional-manager-leader/
Redirect 301 /training/management-courses/certified-nlp-practitioner-course-for-business/registration /event/technical-professional-manager-leader/
Redirect 301 /training/management-courses/disruptive-thinking-to-drive-innovation-growth /event/technical-professional-manager-leader/
Redirect 301 /training/contract-management-administration/contract-claims-assessment-management/conference_registrations http://https://www./event/contract-claims-variations-disputes-masterclass/
Redirect 301 /training/contract-management-administration/contract-law-masterclass-for-non-lawyers/conference_registrations /event/contract-law-masterclass-non-lawyers/
Redirect 301 /training/contract-management-administration/contract-negotiation-masterclass-pre-post-contract-negotiation-strategies-for-win-win-outcomes/conference_registrations /event/contract-negotiation-influence-masterclass/
Redirect 301 /training/contract-management-administration/contract-drafting-negotiation-fundamentals/conference_registrations /event/contract-writing-negotiation-non-lawyers/
Redirect 301 /training/communication-courses/developing-professional-assertiveness-confidence/conference_registrations /event/developing-professional-assertiveness-confidence/
Redirect 301 /training/management-courses/from-technical-professional-to-manager-leader /event/technical-professional-manager-leader/
Redirect 301 /training/tendering-procurement/tender-preparation-evaluation-masterclass/P13GL12WEBPDF.pdf/view /event/tender-preparation-evaluation/
Redirect 301 /training/bulk-materials-handling/transfer-chute-design-fundamentals-technical-methodologies/Transfer_Chute_Problem_Solving_P13GE11WEBPDF.pdf/view /training/
Redirect 301 /training/business/cultivating-curiosity-workshop /training/
Redirect 301 /training/communication-courses/conflict-management-masterclass /training/
Redirect 301 /training/communication-courses/improving-communication-team-performance /training/
Redirect 301 /training/communication-courses/negotiation-masterclass/P14GC09_Negotiation_and_Influence_Masterclass.pdf/view /training/
Redirect 301 /training/communication-courses/persuasion-negotiation-communication/Effective_Negotiation_and_Communication_Skills_P14GC03WEBPDF.pdf/view /training/
Redirect 301 /training/contract-design-strategy/contract-scorecard-contract-design-masterclass/Building_Contract_Scorecard_P13GL14WEBPDF.pdf/view /training/
Redirect 301 /training/contract-management-administration/legislation-case-law-defined-interpreted /training/
Redirect 301 /training/financial/financial-accounting-fundamentals/registration /training/
Redirect 301 /training/interestareas/finance-valuation-risk-modelling /training/
Redirect 301 /training/interestareas/leadership-management-communication /training/
Redirect 301 /training/management-courses/performance-management-skills-for-managers /training/
Redirect 301 /training/mining-courses/coal-fundamentals-technical-commercial-bridging-course/Coal_Industry_Basics_P13GR03WEBPDF.pdf/view /training/
Redirect 301 /training/mining-courses/coal-geology-fundamentals/P12GR05_Coal_Geology_Fundamentals_WEB.pdf/view /training/
Redirect 301 /training/mining-courses/coal-industry-market-fundamentals-masterclass/Coal_Industry_Market_Fundamentals_Masterclass_P13GR05WEBPDF.pdf/view /training/
Redirect 301 /training/mining-courses/exploration-mining-processing-fundamentals/conference_registrations /training/
Redirect 301 /training/mining-courses/iron-ore-industry-market-fundamentals-masterclass/P14GR09WEBPDF.pdf/view /training/
Redirect 301 /training/oil-gas/australian-gas-markets-fundamentals/conference_registrations /training/
Redirect 301 /training/oil-gas/commercial-gas-contracts/conference_registrations /training/
Redirect 301 /training/oil-gas/oil-gas-financial-accounting-reporting/conference_registrations /training/
Redirect 301 /training/oil-gas/oil-gas-management-accounting-reporting/conference_registrations /training/
Redirect 301 /training/oil-gas/petroleum-fundamentals/conference_registrations /training/
Redirect 301 /training/oil-gas/shale-gas-shale-oil-fundamentals /training/
Redirect 301 /training/oil-gas/shale-gas-shale-oil-fundamentals/registration /training/
Redirect 301 /training/oil-gas/shale-gas-technical-commercial-bridging-course /training/
Redirect 301 /training/pdf-tips/3-Lean-Strategies-For-Business-Process-Improvement.pdf /training/
Redirect 301 /training/pdf-tips/ChangeYourLifewithExcel0908.pdf /training/
Redirect 301 /training/pdf-tips/JulieGarland-McLellan-PracticalTipsforBoardsintheGlobalFinancialCrisis.pdf /training/
Redirect 301 /training/pdf-tips/Makingagoodenvironmentalexpert.pdf /training/
Redirect 301 /training/project-management/p3o-portfolio-programme-and-project-offices/registration /training/
Redirect 301 /training/project-management/p3o-portfolio-programme-and-project-offices/registration/clear.gif /training/
Redirect 301 /training/project-management/p3o-portfolio-programme-and-project-offices/registration/registration /training/
Redirect 301 /training/project-management/strategy-masterclass /training/
Redirect 301 /training/tendering-procurement/tender-writing-masterclass/Tendering_Masterclass_P13GL16WEBPDF.pdf/view /training/
Redirect 301 /training/training-landing-page /training/
Redirect 301 /training/women-business/confidence-assertiveness-for-women/P12GC03ConfidenceAssertivenessforWomenWEB.pdf/view /training/
Redirect 301 /training/women-business/leadership-for-women-in-government/P12GC23_Leadership_for_Women_in_Government_WEB.pdf/view /training/
Redirect 301 /training/written-communication-skills/written-communication-masterclass/P14GC13_Written_Communication_Masterclass_WEB.pdf/view /training/
Redirect 301 /conferences/mining-conference/operational-mining-conference/ajm-mineral-sands-conference/ /event/mineral-sands-conference/
Redirect 301 /about /about/
Redirect 301 /about/careers /about/careers/
Redirect 301 /about/company /about/people-and-culture/
Redirect 301 /about/contact /about/contact/
Redirect 301 /about/corporate-responsibility /about/corporate-responsibility/
Redirect 301 /about/social-media /about/
Redirect 301 /about/terms-use /about/
Redirect 301 /acl_users/credentials_cookie_auth/require_login?came_from=http//www.informa.com.au/conferences/education-conference/k-12-national-curriculum-conference/agenda-old /
Redirect 301 /acl_users/credentials_cookie_auth/require_login?came_from=http//www.informa.com.au/conferences/education-conference/offshore-campus-management-forum/P10K56WEBPDF.pdf /
Redirect 301 /acl_users/credentials_cookie_auth/require_login?came_from=http//www.informa.com.au/conferences/energy-utilities/engineering/australian-gas-turbines-conference/brochure-request--- /
Redirect 301 /acl_users/credentials_cookie_auth/require_login?came_from=http//www.informa.com.au/conferences/environmental-issues-conference/environmental-management-in-transport-summit/venue-accommodation-travel /
Redirect 301 /acl_users/credentials_cookie_auth/require_login?came_from=http//www.informa.com.au/conferences/health-care-conference/annual-juvenile-justice-summit/agenda /
Redirect 301 /acl_users/credentials_cookie_auth/require_login?came_from=http//www.informa.com.au/conferences/health-care-conference/emergency-department-management/agenda-1 /
Redirect 301 /acl_users/credentials_cookie_auth/require_login?came_from=http//www.informa.com.au/conferences/mining-conference/oil-gas-conference/south-east-asia-australia-offshore-conference/venue-accommodation-travel /
Redirect 301 /acl_users/credentials_cookie_auth/require_login?came_from=http//www.informa.com.au/conferences/tax-conferences/stamp-duties-symposium/brochure-request /
Redirect 301 /acl_users/credentials_cookie_auth/require_login?came_from=http//www.informa.com.au/conferences/tax-conferences/stamp-duties-symposium/P10K61WEBPDF.PDF /
Redirect 301 /acl_users/credentials_cookie_auth/require_login?came_from=http//www.informa.com.au/conferences/transport-conference/logistics-conference/online-retail-logistics/brochure-request---- /
Redirect 301 /acl_users/credentials_cookie_auth/require_login?came_from=http//www.informa.com.au/conferences/transport-conference/rail-conference/heavy-haul-rail-conference-and-exhibition/brochure-request-h /
Redirect 301 /acl_users/credentials_cookie_auth/require_login?came_from=http//www.informa.com.au/conferences/transport-conference/rail-conference/telecommunications-train-control-conference/agenda /
Redirect 301 /acl_users/credentials_cookie_auth/require_login?came_from=http//www.informa.com.au/conferences/transport-conference/rail-conference/telecommunications-train-control-conference/free-brochure /
Redirect 301 /acl_users/credentials_cookie_auth/require_login?came_from=http//www.informa.com.au/conferences/transport-conference/road-conference/road-pricing-forum/brochure-request-h /
Redirect 301 /acl_users/credentials_cookie_auth/require_login?came_from=http//www.informa.com.au/conferences/transport-conference/road-conference/road-pricing-forum/workshops /
Redirect 301 /acl_users/credentials_cookie_auth/require_login?came_from=http//www.informa.com.au/conferences/transport-conference/shipping-conference/ausintermodal/free-brochure_m /
Redirect 301 /acl_users/credentials_cookie_auth/require_login?came_from=http//www.informa.com.au/conferences/transport-conference/shipping-conference/regional-ports/venue-accommodation-travel /
Redirect 301 /training/leadership-training/improving-team-dynamics-performance /event/technical-professional-manager-leader/
Redirect 301 /training/leadership-training/improving-team-dynamics-performance/contact-us /event/technical-professional-manager-leader/
Redirect 301 /training/leadership-training/improving-team-dynamics-performance/course-outline /event/technical-professional-manager-leader/
Redirect 301 /acl_users/credentials_cookie_auth/require_login?came_from=https//www.informa.com.au/conferences/education-conference/offshore-campus-management-forum/P10K56WEBPDF.pdf /
Redirect 301 /acl_users/credentials_cookie_auth/require_login?came_from=https//www.informa.com.au/conferences/energy-utilities/engineering/australian-gas-turbines-conference/brochure-request--- /
Redirect 301 /acl_users/credentials_cookie_auth/require_login?came_from=https//www.informa.com.au/conferences/environmental-issues-conference/environmental-management-in-transport-summit/venue-accommodation-travel /
Redirect 301 /acl_users/credentials_cookie_auth/require_login?came_from=https//www.informa.com.au/conferences/health-care-conference/annual-juvenile-justice-summit/agenda /
Redirect 301 /acl_users/credentials_cookie_auth/require_login?came_from=https//www.informa.com.au/conferences/health-care-conference/emergency-department-management/agenda-1 /
Redirect 301 /acl_users/credentials_cookie_auth/require_login?came_from=https//www.informa.com.au/conferences/mining-conference/oil-gas-conference/south-east-asia-australia-offshore-conference/venue-accommodation-travel /
Redirect 301 /acl_users/credentials_cookie_auth/require_login?came_from=https//www.informa.com.au/conferences/tax-conferences/stamp-duties-symposium/brochure-request /
Redirect 301 /acl_users/credentials_cookie_auth/require_login?came_from=https//www.informa.com.au/conferences/tax-conferences/stamp-duties-symposium/P10K61WEBPDF.PDF /
Redirect 301 /acl_users/credentials_cookie_auth/require_login?came_from=https//www.informa.com.au/conferences/transport-conference/logistics-conference/online-retail-logistics/brochure-request---- /
Redirect 301 /acl_users/credentials_cookie_auth/require_login?came_from=https//www.informa.com.au/conferences/transport-conference/rail-conference/heavy-haul-rail-conference-and-exhibition/brochure-request-h /
Redirect 301 /acl_users/credentials_cookie_auth/require_login?came_from=https//www.informa.com.au/conferences/transport-conference/rail-conference/telecommunications-train-control-conference/agenda /
Redirect 301 /acl_users/credentials_cookie_auth/require_login?came_from=https//www.informa.com.au/conferences/transport-conference/rail-conference/telecommunications-train-control-conference/free-brochure /
Redirect 301 /acl_users/credentials_cookie_auth/require_login?came_from=https//www.informa.com.au/conferences/transport-conference/road-conference/road-pricing-forum/brochure-request-h /
Redirect 301 /acl_users/credentials_cookie_auth/require_login?came_from=https//www.informa.com.au/conferences/transport-conference/road-conference/road-pricing-forum/workshops /
Redirect 301 /acl_users/credentials_cookie_auth/require_login?came_from=https//www.informa.com.au/conferences/transport-conference/shipping-conference/ausintermodal/free-brochure_m /
Redirect 301 /acl_users/credentials_cookie_auth/require_login?came_from=https//www.informa.com.au/conferences/transport-conference/shipping-conference/regional-ports/venue-accommodation-travel /
Redirect 301 /training/leadership-training/improving-team-dynamics-performance/free-brochure/view /event/technical-professional-manager-leader/
Redirect 301 /training/leadership-training/improving-team-dynamics-performance/onsite_customisedtraining /event/technical-professional-manager-leader/
Redirect 301 /training/leadership-training/improving-team-dynamics-performance/onsite_customisedtraining/registration /event/technical-professional-manager-leader/
Redirect 301 /afr-national-policy-series /conferences/
Redirect 301 /australian-exhibitions-trade-shows /exhibitions/
Redirect 301 /blog /insights/
Redirect 301 /callback /
Redirect 301 /conference-organisers /conferences/
Redirect 301 /conference-organisers/about-us /conferences/
Redirect 301 /conference-organisers/clients-and-testimonials /conferences/
Redirect 301 /conference-organisers/contact-us /conferences/
Redirect 301 /conference-organisers/corporate-responsibility /conferences/
Redirect 301 /conference-organisers/our-services /conferences/
Redirect 301 /conference-organisers/our-team /conferences/
Redirect 301 /conference-organisers/partner-with-informa-and-create-a-winning-event /conferences/
Redirect 301 /conference-organisers/where-we-hold-events /conferences/
Redirect 301 /conferences /conferences/
Redirect 301 /conferences/conferences-informas-conference-portfolio /conferences/
Redirect 301 /conferences/defence-conference /conferences/defence-and-security/all/
Redirect 301 /conferences/defence-conference/adm-congress /event/adm-congress/
Redirect 301 /conferences/defence-conference/campus-security-safety-conference /event/campus-security-safety-conference/
Redirect 301 /conferences/defence-conference/campus-security-safety-conference/agenda /event/campus-security-safety-conference/
Redirect 301 /conferences/defence-conference/campus-security-safety-conference/free-brochure /event/campus-security-safety-conference/
Redirect 301 /conferences/defence-conference/campus-security-safety-conference/free-brochure/agenda /event/campus-security-safety-conference/
Redirect 301 /conferences/defence-conference/campus-security-safety-conference/free-brochure/registration /event/campus-security-safety-conference/
Redirect 301 /conferences/defence-conference/campus-security-safety-conference/media-sponsors /event/campus-security-safety-conference/
Redirect 301 /conferences/defence-conference/campus-security-safety-conference/registration /event/campus-security-safety-conference/
Redirect 301 /conferences/defence-conference/campus-security-safety-conference/sponsorship /event/campus-security-safety-conference/
Redirect 301 /conferences/defence-conference/campus-security-safety-conference/terms-conditions /event/campus-security-safety-conference/
Redirect 301 /conferences/defence-conference/campus-security-safety-conference/venue-accommodation-travel /event/campus-security-safety-conference/
Redirect 301 /conferences/defence-conference/campus-security-safety-conference/workshop /event/campus-security-safety-conference/
Redirect 301 /conferences/defence-conference/cyber-security-summit /conferences/
Redirect 301 /conferences/defence-conference/defence-support-services-summit /conferences/
Redirect 301 /conferences/defence-conference/evidence-based-policing-summit /conferences/
Redirect 301 /conferences/defence-conference/evidence-based-policing-summit/agenda /conferences/
Redirect 301 /conferences/defence-conference/evidence-based-policing-summit/free-brochure /conferences/
Redirect 301 /conferences/defence-conference/evidence-based-policing-summit/post-conference-masterclass /conferences/
Redirect 301 /conferences/defence-conference/evidence-based-policing-summit/sponsorship /conferences/
Redirect 301 /conferences/defence-conference/evidence-based-policing-summit/terms-conditions /conferences/
Redirect 301 /conferences/defence-conference/national-policing-summit /event/national-policing-summit/
Redirect 301 /conferences/defence-conference/national-policing-summit/brochure-request /event/national-policing-summit/
Redirect 301 /conferences/defence-conference/national-policing-summit/sponsorship /event/national-policing-summit/
Redirect 301 /conferences/defence-conference/national-policing-summit/terms-conditions /event/national-policing-summit/
Redirect 301 /conferences/defence-conference/national-security-australia-conference /event/national-policing-summit/
Redirect 301 /conferences/defence-conference/national-security-australia-conference/agenda /event/national-policing-summit/
Redirect 301 /conferences/defence-conference/national-security-australia-conference/sponsorship /event/national-policing-summit/
Redirect 301 /conferences/defence-conference/national-security-australia-conference/terms-conditions /event/national-policing-summit/
Redirect 301 /conferences/defence-conference/national-security-australia-conference/venue-accommodation-travel /event/national-policing-summit/
Redirect 301 /conferences/defence-conference/northern-australia-defence-summit /event/northern-australia-defence-summit/
Redirect 301 /conferences/defence-conference/privacy /conferences/defence-and-security/all/
Redirect 301 /conferences/defence-conference/uav-triple-zero-summit /conferences/
Redirect 301 /conferences/defence-conference/uav-triple-zero-summit/agenda /conferences/
Redirect 301 /conferences/defence-conference/uav-triple-zero-summit/brochure-request /conferences/
Redirect 301 /conferences/defence-conference/uav-triple-zero-summit/sponsorship /conferences/
Redirect 301 /conferences/defence-conference/uav-triple-zero-summit/terms-conditions /conferences/
Redirect 301 /conferences/defence-conference/uav-triple-zero-summit/venue-accommodation-travel /conferences/
Redirect 301 /conferences/education-conference /conferences/education/all/
Redirect 301 /conferences/education-conference/academic-governance-forum /conferences/
Redirect 301 /conferences/education-conference/australian-private-higher-education-conference /conferences/
Redirect 301 /conferences/education-conference/e-learning-summit /conferences/
Redirect 301 /conferences/education-conference/evidence-based-teaching-conference /event/evidence-based-teaching-summit/
Redirect 301 /conferences/education-conference/evidence-based-teaching-conference/brochure-request /event/evidence-based-teaching-summit/
Redirect 301 /conferences/education-conference/evidence-based-teaching-conference/sponsorship /event/evidence-based-teaching-summit/
Redirect 301 /conferences/education-conference/evidence-based-teaching-conference/terms-conditions /event/evidence-based-teaching-summit/
Redirect 301 /conferences/education-conference/financial-reporting-in-higher-education /conferences/
Redirect 301 /conferences/education-conference/higher-education-asset-management-maintenance-conference /conferences/
Redirect 301 /conferences/education-conference/higher-education-summit /event/evidence-based-teaching-summit/
Redirect 301 /conferences/education-conference/higher-education-summit/agenda /event/evidence-based-teaching-summit/
Redirect 301 /conferences/education-conference/higher-education-summit/registration /event/evidence-based-teaching-summit/
Redirect 301 /conferences/education-conference/higher-education-summit/registration/lecturer-rate /event/evidence-based-teaching-summit/
Redirect 301 /conferences/education-conference/higher-education-summit/registration/standard-rate /event/evidence-based-teaching-summit/
Redirect 301 /conferences/education-conference/higher-education-summit/sponsorship /event/evidence-based-teaching-summit/
Redirect 301 /conferences/education-conference/higher-education-summit/terms-conditions /event/evidence-based-teaching-summit/
Redirect 301 /conferences/education-conference/higher-education-summit/venue-accommodation-travel /event/evidence-based-teaching-summit/
Redirect 301 /conferences/education-conference/k12-cultural-innovation-in-australian-schools-conference /conferences/
Redirect 301 /conferences/education-conference/k12-cultural-innovation-in-australian-schools-conference/brochure-request /conferences/
Redirect 301 /conferences/education-conference/k12-cultural-innovation-in-australian-schools-conference/sponsorship /conferences/
Redirect 301 /conferences/education-conference/k12-cultural-innovation-in-australian-schools-conference/terms-conditions /conferences/
Redirect 301 /conferences/education-conference/k12-cultural-innovation-in-australian-schools-conference/venue-accommodation-travel /conferences/
Redirect 301 /conferences/education-conference/k-12-national-curriculum-conference /conferences/
Redirect 301 /conferences/education-conference/k-12-national-curriculum-conference/brochure-request /conferences/
Redirect 301 /conferences/education-conference/k-12-national-curriculum-conference/sponsorship /conferences/
Redirect 301 /conferences/education-conference/k-12-national-curriculum-conference/terms-conditions /conferences/
Redirect 301 /conferences/education-conference/k-12-national-curriculum-conference/venue-accommodation-travel /conferences/
Redirect 301 /conferences/education-conference/learning-commons-development-and-design-forum /conferences/
Redirect 301 /conferences/education-conference/learning-space-design-summit /conferences/
Redirect 301 /conferences/education-conference/mobile-learning /conferences/
Redirect 301 /conferences/education-conference/national-learning-and-teaching-forum /conferences/
Redirect 301 /conferences/education-conference/new-zealand-tertiary-education-summit /conferences/
Redirect 301 /conferences/education-conference/offshore-campus-management-forum /conferences/
Redirect 301 /conferences/education-conference/offshore-campus-management-forum/agenda /conferences/
Redirect 301 /conferences/education-conference/offshore-campus-management-forum/P10K56WEBPDF.pdf/view /conferences/
Redirect 301 /conferences/education-conference/offshore-campus-management-forum/sponsorship /conferences/
Redirect 301 /conferences/education-conference/offshore-campus-management-forum/venue-accommodation-travel /conferences/
Redirect 301 /conferences/education-conference/privacy /conferences/education/all/
Redirect 301 /conferences/education-conference/purpose-built-student-accommodation-forum /conferences/
Redirect 301 /conferences/education-conference/purpose-built-student-accommodation-forum/agenda /conferences/
Redirect 301 /conferences/education-conference/purpose-built-student-accommodation-forum/free-brochure /conferences/
Redirect 301 /conferences/education-conference/purpose-built-student-accommodation-forum/free-brochure/agenda /conferences/
Redirect 301 /conferences/education-conference/purpose-built-student-accommodation-forum/free-brochure/registration /conferences/
Redirect 301 /conferences/education-conference/purpose-built-student-accommodation-forum/registration /conferences/
Redirect 301 /conferences/education-conference/purpose-built-student-accommodation-forum/registration/standard-general-rate /conferences/
Redirect 301 /conferences/education-conference/purpose-built-student-accommodation-forum/registration/standard-university-public-sector-rate /conferences/
Redirect 301 /conferences/education-conference/purpose-built-student-accommodation-forum/sponsorship /conferences/
Redirect 301 /conferences/education-conference/purpose-built-student-accommodation-forum/terms-conditions /conferences/
Redirect 301 /conferences/education-conference/purpose-built-student-accommodation-forum/venue-accommodation-travel /conferences/
Redirect 301 /conferences/education-conference/risk-management-in-higher-education-forum /conferences/
Redirect 301 /conferences/education-conference/school-planning-design-construction-conference /event/school-planning-design-construction/
Redirect 301 /conferences/education-conference/school-planning-design-construction-conference/brochure-request /event/school-planning-design-construction/
Redirect 301 /conferences/education-conference/school-planning-design-construction-conference/sponsorship /event/school-planning-design-construction/
Redirect 301 /conferences/education-conference/school-planning-design-construction-conference/terms-conditions /event/school-planning-design-construction/
Redirect 301 /conferences/education-conference/social-media-in-higher-education-conference /conferences/
Redirect 301 /conferences/education-conference/stem-conference /event/stem-education-conference/
Redirect 301 /conferences/education-conference/stem-conference/brochure-request /event/stem-education-conference/
Redirect 301 /conferences/education-conference/stem-conference/sponsorship /event/stem-education-conference/
Redirect 301 /conferences/education-conference/stem-conference/terms-conditions /event/stem-education-conference/
Redirect 301 /conferences/education-conference/student-demand-driven-education-conference /conferences/
Redirect 301 /conferences/education-conference/student-experience-conference /conferences/
Redirect 301 /conferences/education-conference/student-experience-conference/brochure-request /conferences/
Redirect 301 /conferences/education-conference/student-experience-conference/sponsorship /conferences/
Redirect 301 /conferences/education-conference/student-experience-conference/terms-conditions /conferences/
Redirect 301 /conferences/education-conference/student-health-and-welfare-in-higher-education-conference /conferences/
Redirect 301 /conferences/education-conference/student-health-and-welfare-in-higher-education-conference/sponsorship /conferences/
Redirect 301 /conferences/education-conference/student-health-and-welfare-in-higher-education-conference/terms-conditions /conferences/
Redirect 301 /conferences/education-conference/student-satisfaction-in-higher-education-conference /conferences/
Redirect 301 /conferences/education-conference/tafe-governance-regulations-forum /conferences/
Redirect 301 /conferences/education-conference/technology-for-learning-and-teaching /conferences/
Redirect 301 /conferences/education-conference/university-governance-and-regulations-forum /event/university-governance-regulations-forum/
Redirect 301 /conferences/education-conference/university-governance-and-regulations-forum/agenda /event/university-governance-regulations-forum/
Redirect 301 /conferences/education-conference/university-governance-and-regulations-forum/sponsorship /event/university-governance-regulations-forum/
Redirect 301 /conferences/education-conference/university-governance-and-regulations-forum/terms-conditions /event/university-governance-regulations-forum/
Redirect 301 /conferences/education-conference/university-governance-and-regulations-forum/venue-accommodation-travel /event/university-governance-regulations-forum/
Redirect 301 /conferences/education-conference/work-integrated-learning-forum /conferences/
Redirect 301 /conferences/energy-utilities /conferences/energy-and-utilities/all/
Redirect 301 /conferences/energy-utilities/engineering /conferences/energy-and-utilities/all/
Redirect 301 /conferences/energy-utilities/engineering/australian-gas-turbines-conference /conferences/
Redirect 301 /conferences/energy-utilities/engineering/australian-gas-turbines-conference/agenda /conferences/
Redirect 301 /conferences/energy-utilities/engineering/australian-gas-turbines-conference/free-brochure /conferences/
Redirect 301 /conferences/energy-utilities/engineering/australian-gas-turbines-conference/free-brochure/agenda /conferences/
Redirect 301 /conferences/energy-utilities/engineering/australian-gas-turbines-conference/free-brochure/registration /conferences/
Redirect 301 /conferences/energy-utilities/engineering/australian-gas-turbines-conference/photo-gallery /conferences/
Redirect 301 /conferences/energy-utilities/engineering/australian-gas-turbines-conference/registration /conferences/
Redirect 301 /conferences/energy-utilities/engineering/australian-gas-turbines-conference/registration/standard-non-members-rate /conferences/
Redirect 301 /conferences/energy-utilities/engineering/australian-gas-turbines-conference/sponsorship /conferences/
Redirect 301 /conferences/energy-utilities/engineering/australian-gas-turbines-conference/terms-conditions /conferences/
Redirect 301 /conferences/energy-utilities/engineering/australian-gas-turbines-conference/venue-accommodation-travel /conferences/
Redirect 301 /conferences/energy-utilities/engineering/east-coast-gas-energy-summit /conferences/
Redirect 301 /conferences/energy-utilities/engineering/east-coast-gas-energy-summit/agenda /conferences/
Redirect 301 /conferences/energy-utilities/engineering/east-coast-gas-energy-summit/conference_registrations /conferences/
Redirect 301 /conferences/energy-utilities/engineering/east-coast-gas-energy-summit/free-brochure /conferences/
Redirect 301 /conferences/energy-utilities/engineering/east-coast-gas-energy-summit/free-brochure/agenda /conferences/
Redirect 301 /conferences/energy-utilities/engineering/east-coast-gas-energy-summit/free-brochure/registration /conferences/
Redirect 301 /conferences/energy-utilities/engineering/east-coast-gas-energy-summit/registration /conferences/
Redirect 301 /conferences/energy-utilities/engineering/east-coast-gas-energy-summit/registration/standard-rate /conferences/
Redirect 301 /conferences/energy-utilities/engineering/east-coast-gas-energy-summit/sponsorship /conferences/
Redirect 301 /conferences/energy-utilities/engineering/east-coast-gas-energy-summit/terms-conditions /conferences/
Redirect 301 /conferences/energy-utilities/engineering/east-coast-gas-energy-summit/venue-accommodation-travel /conferences/
Redirect 301 /conferences/energy-utilities/engineering/privacy /conferences/energy-and-utilities/all/
Redirect 301 /conferences/energy-utilities/power-electricity /conferences/energy-and-utilities/all/
Redirect 301 /conferences/energy-utilities/power-electricity/disruption-the-energy-industry-conference /conferences/
Redirect 301 /conferences/energy-utilities/power-electricity/disruption-the-energy-industry-conference/agenda /conferences/
Redirect 301 /conferences/energy-utilities/power-electricity/disruption-the-energy-industry-conference/sponsorship /conferences/
Redirect 301 /conferences/energy-utilities/power-electricity/disruption-the-energy-industry-conference/terms-conditions /conferences/
Redirect 301 /conferences/energy-utilities/power-electricity/disruption-the-energy-industry-conference/venue-accommodation-travel /conferences/
Redirect 301 /conferences/energy-utilities/power-electricity/large-scale-solar-conference /event/large-scale-solar-conference/
Redirect 301 /conferences/energy-utilities/power-electricity/large-scale-solar-conference/free-brochure /event/large-scale-solar-conference/
Redirect 301 /conferences/energy-utilities/power-electricity/large-scale-solar-conference/sponsorship /event/large-scale-solar-conference/
Redirect 301 /conferences/energy-utilities/power-electricity/large-scale-solar-conference/terms-conditions /event/large-scale-solar-conference/
Redirect 301 /conferences/energy-utilities/power-electricity/large-scale-solar-conference/venue-accommodation-travel /event/large-scale-solar-conference/
Redirect 301 /conferences/energy-utilities/power-electricity/privacy /conferences/energy-and-utilities/all/
Redirect 301 /conferences/energy-utilities/power-electricity/remote-area-power-supply-conference /event/remote-area-power-supply-conference/
Redirect 301 /conferences/energy-utilities/power-electricity/remote-area-power-supply-conference/agenda /conferences/
Redirect 301 /conferences/energy-utilities/power-electricity/remote-area-power-supply-conference/free-brochure /conferences/
Redirect 301 /conferences/energy-utilities/power-electricity/remote-area-power-supply-conference/registration /conferences/
Redirect 301 /conferences/energy-utilities/power-electricity/remote-area-power-supply-conference/registration/early-bird-general-rate /conferences/
Redirect 301 /conferences/energy-utilities/power-electricity/remote-area-power-supply-conference/sponsorship /conferences/
Redirect 301 /conferences/energy-utilities/power-electricity/remote-area-power-supply-conference/terms-conditions /conferences/
Redirect 301 /conferences/energy-utilities/power-electricity/remote-area-power-supply-conference/venue-accommodation-travel /conferences/
Redirect 301 /conferences/energy-utilities/power-electricity/the-local-energy-microgrids-conference /conferences/
Redirect 301 /conferences/energy-utilities/power-electricity/the-local-energy-microgrids-conference/agenda /conferences/
Redirect 301 /conferences/energy-utilities/power-electricity/the-local-energy-microgrids-conference/free-brochure /conferences/
Redirect 301 /conferences/energy-utilities/power-electricity/the-local-energy-microgrids-conference/registration /conferences/
Redirect 301 /conferences/energy-utilities/power-electricity/the-local-energy-microgrids-conference/sponsorship /conferences/
Redirect 301 /conferences/energy-utilities/power-electricity/the-local-energy-microgrids-conference/terms-conditions /conferences/
Redirect 301 /conferences/energy-utilities/power-electricity/the-local-energy-microgrids-conference/venue-accommodation-travel /conferences/
Redirect 301 /conferences/energy-utilities/power-electricity/wa-power-gas-conference /event/wa-power-gas-conference/
Redirect 301 /conferences/energy-utilities/power-electricity/wa-power-gas-conference/brochure-request /event/wa-power-gas-conference/
Redirect 301 /conferences/energy-utilities/power-electricity/wa-power-gas-conference/registration /event/wa-power-gas-conference/
Redirect 301 /conferences/energy-utilities/power-electricity/wa-power-gas-conference/registration/early-bird /event/wa-power-gas-conference/
Redirect 301 /conferences/energy-utilities/power-electricity/wa-power-gas-conference/sponsorship /event/wa-power-gas-conference/
Redirect 301 /conferences/energy-utilities/power-electricity/wa-power-gas-conference/terms-conditions /event/wa-power-gas-conference/
Redirect 301 /conferences/energy-utilities/power-electricity/wa-power-gas-conference/venue-accommodation-travel /event/wa-power-gas-conference/
Redirect 301 /conferences/engineering-conference /conferences/
Redirect 301 /conferences/environmental-issues-conference /conferences/
Redirect 301 /conferences/environmental-issues-conference/direct-action-policy-conference /conferences/
Redirect 301 /conferences/environmental-issues-conference/direct-action-policy-conference/for-your-approving-manager /conferences/
Redirect 301 /conferences/environmental-issues-conference/direct-action-policy-conference/sponsorship /conferences/
Redirect 301 /conferences/environmental-issues-conference/direct-action-policy-conference/terms-conditions /conferences/
Redirect 301 /conferences/environmental-issues-conference/environmental-management-in-transport-summit /conferences/
Redirect 301 /conferences/environmental-issues-conference/environmental-management-in-transport-summit/for-your-approving-manager /conferences/
Redirect 301 /conferences/environmental-issues-conference/environmental-management-in-transport-summit/terms-conditions /conferences/
Redirect 301 /conferences/facilities-management-conference /conferences/facilities-management/all/
Redirect 301 /conferences/facilities-management-conference/apartment-planning-design-summit /conferences/
Redirect 301 /conferences/facilities-management-conference/bim-in-healthcare /conferences/
Redirect 301 /conferences/facilities-management-conference/facilities-management-technology-summit /conferences/
Redirect 301 /conferences/facilities-management-conference/future-hospitals /conferences/
Redirect 301 /conferences/facilities-management-conference/healthcare-facilities-planning-and-design-summit /conferences/
Redirect 301 /conferences/facilities-management-conference/prison-planning-design-construction-and-maintenance-conference /event/prisons/
Redirect 301 /conferences/facilities-management-conference/prison-planning-design-construction-and-maintenance-conference/brochure-request /event/prisons/
Redirect 301 /conferences/facilities-management-conference/prison-planning-design-construction-and-maintenance-conference/sponsorship /event/prisons/
Redirect 301 /conferences/facilities-management-conference/prison-planning-design-construction-and-maintenance-conference/terms-conditions /event/prisons/
Redirect 301 /conferences/facilities-management-conference/pvc-aus-conference /conferences/
Redirect 301 /conferences/facilities-management-conference/pvc-aus-conference/brochure-request /conferences/
Redirect 301 /conferences/facilities-management-conference/pvc-aus-conference/sponsorship /conferences/
Redirect 301 /conferences/facilities-management-conference/pvc-aus-conference/terms-conditions /conferences/
Redirect 301 /conferences/facilities-management-conference/retirement-and-aged-care-living-summit /conferences/
Redirect 301 /conferences/facilities-management-conference/workspace-planning-and-design-forum /conferences/
Redirect 301 /conferences/financial-services-conference /conferences/business-and-finance/all/
Redirect 301 /conferences/financial-services-conference/accountancy-conference /conferences/business-and-finance/all/
Redirect 301 /conferences/financial-services-conference/accountancy-conference/australian-transfer-pricing-summit /conferences/
Redirect 301 /conferences/financial-services-conference/accountancy-conference/australian-transfer-pricing-summit/agenda /conferences/
Redirect 301 /conferences/financial-services-conference/accountancy-conference/australian-transfer-pricing-summit/for-your-approving-manager /conferences/
Redirect 301 /conferences/financial-services-conference/accountancy-conference/australian-transfer-pricing-summit/free-brochure /conferences/
Redirect 301 /conferences/financial-services-conference/accountancy-conference/australian-transfer-pricing-summit/sponsorship /conferences/
Redirect 301 /conferences/financial-services-conference/accountancy-conference/australian-transfer-pricing-summit/terms-conditions /conferences/
Redirect 301 /conferences/financial-services-conference/accountancy-conference/australian-transfer-pricing-summit/venue-accommodation-travel /conferences/
Redirect 301 /conferences/financial-services-conference/afr-future-of-banking-financial-services-summit /conferences/
Redirect 301 /conferences/financial-services-conference/afr-future-of-banking-financial-services-summit/brochure-request /conferences/
Redirect 301 /conferences/financial-services-conference/afr-future-of-banking-financial-services-summit/sponsorship /conferences/
Redirect 301 /conferences/financial-services-conference/afr-future-of-banking-financial-services-summit/terms-conditions /conferences/
Redirect 301 /conferences/financial-services-conference/afr-future-of-banking-financial-services-summit/venue-accommodation-travel /conferences/
Redirect 301 /conferences/financial-services-conference/afr-retail-summit /event/afr-retail-summit/
Redirect 301 /conferences/financial-services-conference/afr-retail-summit/agenda /event/afr-retail-summit/
Redirect 301 /conferences/financial-services-conference/afr-retail-summit/brochure-request /event/afr-retail-summit/
Redirect 301 /conferences/financial-services-conference/afr-retail-summit/sponsorship /event/afr-retail-summit/
Redirect 301 /conferences/financial-services-conference/afr-retail-summit/terms-conditions /event/afr-retail-summit/
Redirect 301 /conferences/financial-services-conference/afr-retail-summit/venue-accommodation-travel /event/afr-retail-summit/
Redirect 301 /conferences/financial-services-conference/afr-tax-reform-summit /conferences/
Redirect 301 /conferences/financial-services-conference/afr-tax-reform-summit/brochure-request /conferences/
Redirect 301 /conferences/financial-services-conference/afr-tax-reform-summit/brochure-request/kpmg /conferences/
Redirect 301 /conferences/financial-services-conference/afr-tax-reform-summit/kpmg /conferences/
Redirect 301 /conferences/financial-services-conference/afr-tax-reform-summit/sponsorship /conferences/
Redirect 301 /conferences/financial-services-conference/afr-tax-reform-summit/sponsorship/kpmg /conferences/
Redirect 301 /conferences/financial-services-conference/afr-tax-reform-summit/terms-conditions /conferences/
Redirect 301 /conferences/financial-services-conference/afr-tax-reform-summit/venue-accommodation-travel /conferences/
Redirect 301 /conferences/financial-services-conference/consumer-debt-forum /conferences/
Redirect 301 /conferences/financial-services-conference/consumer-debt-forum/agenda /conferences/
Redirect 301 /conferences/financial-services-conference/consumer-debt-forum/brochure-request /conferences/
Redirect 301 /conferences/financial-services-conference/consumer-debt-forum/sponsorship /conferences/
Redirect 301 /conferences/financial-services-conference/consumer-debt-forum/terms-conditions /conferences/
Redirect 301 /conferences/financial-services-conference/consumer-debt-forum/venue-accommodation-travel /conferences/
Redirect 301 /conferences/financial-services-conference/engaging-india-conference /conferences/
Redirect 301 /conferences/financial-services-conference/engaging-india-conference/brochure-request /conferences/
Redirect 301 /conferences/financial-services-conference/engaging-india-conference/sponsorship /conferences/
Redirect 301 /conferences/financial-services-conference/engaging-india-conference/terms-conditions /conferences/
Redirect 301 /conferences/financial-services-conference/financial-planning /conferences/
Redirect 301 /conferences/financial-services-conference/financial-planning/smsf-forum /conferences/
Redirect 301 /conferences/financial-services-conference/financial-regulation-conference /conferences/
Redirect 301 /conferences/financial-services-conference/financial-regulation-conference/banktech /conferences/
Redirect 301 /conferences/financial-services-conference/privacy /conferences/business-and-finance/all/
Redirect 301 /conferences/financial-services-conference/retail-conference /conferences/business-and-finance/all/
Redirect 301 /conferences/financial-services-conference/retail-conference/digital-money-summit /conferences/business-and-finance/all/
Redirect 301 /conferences/government-policy-conference /conferences/policy-and-government/all/
Redirect 301 /conferences/government-policy-conference/afr-national-innovation-summit /event/afr-innovation-summit/
Redirect 301 /conferences/government-policy-conference/afr-national-innovation-summit/agenda /event/afr-innovation-summit/
Redirect 301 /conferences/government-policy-conference/afr-national-innovation-summit/free-brochure /event/afr-innovation-summit/
Redirect 301 /conferences/government-policy-conference/afr-national-innovation-summit/free-brochure/agenda https://www.informa.com.au/event/afr-innovation-summit/
Redirect 301 /conferences/government-policy-conference/afr-national-innovation-summit/free-brochure/registration https://www.informa.com.au/event/afr-innovation-summit/
Redirect 301 /conferences/government-policy-conference/afr-national-innovation-summit/registration https://www.informa.com.au/event/afr-innovation-summit/
Redirect 301 /conferences/government-policy-conference/afr-national-innovation-summit/sponsorship https://www.informa.com.au/event/afr-innovation-summit/
Redirect 301 /conferences/government-policy-conference/afr-national-innovation-summit/terms-conditions https://www.informa.com.au/event/afr-innovation-summit/
Redirect 301 /conferences/government-policy-conference/afr-national-innovation-summit/venue-accommodation-travel https://www.informa.com.au/event/afr-innovation-summit/
Redirect 301 /conferences/government-policy-conference/ageing-population-summit https://www.informa.com.au/conferences/
Redirect 301 /conferences/government-policy-conference/biennial-national-homelessness-summit https://www.informa.com.au/event/biennial-homelessness-summit/
Redirect 301 /conferences/government-policy-conference/biennial-national-homelessness-summit/brochure-request https://www.informa.com.au/event/biennial-homelessness-summit/
Redirect 301 /conferences/government-policy-conference/biennial-national-homelessness-summit/registration https://www.informa.com.au/event/biennial-homelessness-summit/
Redirect 301 /conferences/government-policy-conference/biennial-national-homelessness-summit/registration/super-early-bird https://www.informa.com.au/event/biennial-homelessness-summit/
Redirect 301 /conferences/government-policy-conference/biennial-national-homelessness-summit/sponsorship https://www.informa.com.au/event/biennial-homelessness-summit/
Redirect 301 /conferences/government-policy-conference/biennial-national-homelessness-summit/terms-conditions https://www.informa.com.au/event/biennial-homelessness-summit/
Redirect 301 /conferences/government-policy-conference/biennial-national-homelessness-summit/venue-accommodation-travel https://www.informa.com.au/event/biennial-homelessness-summit/
Redirect 301 /conferences/government-policy-conference/enhancing-australias-productivity https://www.informa.com.au/conferences/
Redirect 301 /conferences/government-policy-conference/national-pathology-forum https://www.informa.com.au/event/national-pathology-conference/
Redirect 301 /conferences/government-policy-conference/national-pathology-forum/agenda https://www.informa.com.au/event/national-pathology-conference/
Redirect 301 /conferences/government-policy-conference/national-pathology-forum/free-brochure https://www.informa.com.au/event/national-pathology-conference/
Redirect 301 /conferences/government-policy-conference/national-pathology-forum/free-brochure/agenda https://www.informa.com.au/event/national-pathology-conference/
Redirect 301 /conferences/government-policy-conference/national-pathology-forum/free-brochure/registration https://www.informa.com.au/event/national-pathology-conference/
Redirect 301 /conferences/government-policy-conference/national-pathology-forum/registration https://www.informa.com.au/event/national-pathology-conference/
Redirect 301 /conferences/government-policy-conference/national-pathology-forum/registration/early-bird https://www.informa.com.au/event/national-pathology-conference/
Redirect 301 /conferences/government-policy-conference/national-pathology-forum/sponsorship https://www.informa.com.au/event/national-pathology-conference/
Redirect 301 /conferences/government-policy-conference/national-pathology-forum/terms-conditions https://www.informa.com.au/event/national-pathology-conference/
Redirect 301 /conferences/government-policy-conference/national-pathology-forum/venue-accommodation-travel https://www.informa.com.au/event/national-pathology-conference/
Redirect 301 /conferences/government-policy-conference/not-for-profits-governance-forum https://www.informa.com.au/conferences/
Redirect 301 /conferences/government-policy-conference/population-australia-2050-summit https://www.informa.com.au/conferences/
Redirect 301 /conferences/government-policy-conference/privacy https://www.informa.com.au/conferences/policy-and-government/all/
Redirect 301 /conferences/government-policy-conference/social-housing-reform-summit https://www.informa.com.au/event/social-housing-reform-summit/
Redirect 301 /conferences/government-policy-conference/social-housing-reform-summit/agenda https://www.informa.com.au/event/social-housing-reform-summit/
Redirect 301 /conferences/government-policy-conference/social-housing-reform-summit/free-brochure_m https://www.informa.com.au/event/social-housing-reform-summit/
Redirect 301 /conferences/government-policy-conference/social-housing-reform-summit/free-brochure_m/agenda https://www.informa.com.au/event/social-housing-reform-summit/
Redirect 301 /conferences/government-policy-conference/social-housing-reform-summit/free-brochure_m/registration https://www.informa.com.au/event/social-housing-reform-summit/
Redirect 301 /conferences/government-policy-conference/social-housing-reform-summit/registration https://www.informa.com.au/event/social-housing-reform-summit/
Redirect 301 /conferences/defence-conference/defence-security/RSS/ https://www.informa.com.au/conferences/
